vishal agrawal         email_to: vishal.agrawal@yale.edu agrawal-vishal:      agrawal@minerva.cis.yale.edu
lee akst         email_to: lee.akst@yale.edu akst-lee:            akstlee@minerva.cis.yale.edu
adam alexander         email_to: adam.hecht@yale.edu alexander-adam:      alexand@minerva.cis.yale.edu
michael alexander         email_to: alexander.hathaway@yale.edu alexander-michael:   alexms@minerva.cis.yale.edu
michael alexander         email_to: alexander.kass@yale.edu alexander-michael:   alexms@minerva.cis.yale.edu
michael alexander         email_to: kevin.alexander@yale.edu alexander-michael:   alexms@minerva.cis.yale.edu
michael alexander         email_to: michael.koldobskiy@yale.edu alexander-michael:   alexms@minerva.cis.yale.edu
michael alexander         email_to: michael.marco@yale.edu alexander-michael:   alexms@minerva.cis.yale.edu
michael alexander         email_to: michael.mazo@yale.edu alexander-michael:   alexms@minerva.cis.yale.edu
michael alexander         email_to: michael.paley@yale.edu alexander-michael:   alexms@minerva.cis.yale.edu
michael alexander         email_to: michael.shulman@yale.edu alexander-michael:   alexms@minerva.cis.yale.edu
michael alexander         email_to: michael.steffen@yale.edu alexander-michael:   alexms@minerva.cis.yale.edu
michael alexander         email_to: michael.alexander@yale.edu alexander-michael:   alexms@minerva.cis.yale.edu
vladimir alexandrov         email_to: alexandrov-vladimir@yale.edu alexandrov-vladimir: vladimir@minerva.cis.yale.edu
nicholas allen         email_to: nicholas.morris@yale.edu allen-nicholas:      nallen@minerva.cis.yale.edu
ellen anderson         email_to: ellen.fitzgerald-anderson@yale.edu anderson-ellen:      anderel@minerva.cis.yale.edu
michael appleby         email_to: michael.appleby@yale.edu appleby-michael:     mikea@minerva.cis.yale.edu
smith april         email_to: april.smith@yale.edu april.smith:         april@minerva.cis.yale.edu
dara arons         email_to: dara.arons@yale.edu arons-dara:          arons@minerva.cis.yale.edu
joshua atkins         email_to: joshua.atkins@yale.edu atkins-joshua:       atkins@minerva.cis.yale.edu
douglas baker         email_to: douglas.baker@yale.edu baker-douglas:       bakerda@minerva.cis.yale.edu
lakshmi bangalore         email_to: lakshmi.bangalore@yale.edu bangalore-lakshmi:   lakshmi@minerva.cis.yale.edu
jonathan bernstein         email_to: j.bernstein@yale.edu bernstein-jonathan:  jabe@minerva.cis.yale.edu
timothy blake         email_to: tim.taylor@yale.edu blake-timothy:       tblake@minerva.cis.yale.edu
diana block         email_to: alison.block@yale.edu block-diana:         block@minerva.cis.yale.edu
barbara blodgett         email_to: barbara.blodgett@yale.edu blodgett-barbara:    barbara@minerva.cis.yale.edu
elizabeth brown         email_to: elizabeth.c.brown@yale.edu brown-elizabeth:     broejb@minerva.cis.yale.edu
elizabeth brown         email_to: karen.brown@yale.edu brown-elizabeth:     broejb@minerva.cis.yale.edu
stephen brown         email_to: stephen.brown@yale.edu brown-stephen:       brownsc@minerva.cis.yale.edu
stephen brown         email_to: stephen.m.brown@yale.edu brown-stephen:       brownsc@minerva.cis.yale.edu
david cameron         email_to: david.r.cameron@yale.edu cameron-david:       davecam@minerva.cis.yale.edu
jeffrey chen         email_to: jeffrey.chen@yale.edu chen-jeffrey:        go@minerva.cis.yale.edu
lucy chester         email_to: chester-lucy@yale.edu chester-lucy:        lucyc@minerva.cis.yale.edu
william ching         email_to: william.ching@yale.edu ching-william:       ching@minerva.cis.yale.edu
ashley cimini         email_to: ashley.cimini@yale.edu cimini-ashley:       cimini@minerva.cis.yale.edu
james clark         email_to: steven.clark@yale.edu clark-james:         jfclark@minerva.cis.yale.edu
timothy clark         email_to: timothy.w.clark@yale.edu clark-timothy:       tclark@minerva.cis.yale.edu
assistant computing         email_to: cas@yale.edu computing-assistant: ca@minerva.cis.yale.edu
assistant computing         email_to: cas-cthall@yale.edu computing-assistant: ca@minerva.cis.yale.edu
assistant computing         email_to: cas-ccl@yale.edu computing-assistant: ca@minerva.cis.yale.edu
assistant computing         email_to: cas-dunham@yale.edu computing-assistant: ca@minerva.cis.yale.edu
assistant computing         email_to: cas-hgs@yale.edu computing-assistant: ca@minerva.cis.yale.edu
assistant computing         email_to: cas-laser@yale.edu computing-assistant: ca@minerva.cis.yale.edu
assistant computing         email_to: cas-mc@yale.edu computing-assistant: ca@minerva.cis.yale.edu
assistant computing         email_to: cas-pc@yale.edu computing-assistant: ca@minerva.cis.yale.edu
assistant computing         email_to: cas-prospect@yale.edu computing-assistant: ca@minerva.cis.yale.edu
assistant computing         email_to: cas-sy@yale.edu computing-assistant: ca@minerva.cis.yale.edu
assistant computing         email_to: cas-sm@yale.edu computing-assistant: ca@minerva.cis.yale.edu
assistant computing         email_to: cas-summer@yale.edu computing-assistant: ca@minerva.cis.yale.edu
assistant computing         email_to: cas-td@yale.edu computing-assistant: ca@minerva.cis.yale.edu
assistant computing         email_to: cas-tc@yale.edu computing-assistant: ca@minerva.cis.yale.edu
assistant computing         email_to: cas-ysoc@yale.edu computing-assistant: ca@minerva.cis.yale.edu
martha coven         email_to: martha.coven@yale.edu coven-martha:        coven@minerva.cis.yale.edu
peyton craig         email_to: peyton.mcelroy@yale.edu craig-peyton:        craig@minerva.cis.yale.edu
miriam crowe         email_to: miriam.crowe@yale.edu crowe-miriam:        crowem@minerva.cis.yale.edu
enrique cruz         email_to: enrique.delacruz@yale.edu cruz-enrique:        bobby@minerva.cis.yale.edu
ryan davies         email_to: ryan.davies@yale.edu davies-ryan:         rdavies@minerva.cis.yale.edu
robert deegan         email_to: robert.deegan@yale.edu deegan-robert:       deegan@minerva.cis.yale.edu
danna drori         email_to: danna.drori@yale.edu drori-danna:         drori@minerva.cis.yale.edu
melissa ellis         email_to: melissa.ellis@yale.edu ellis-melissa:       mellis@minerva.cis.yale.edu
geoffrey emerson         email_to: emerson-geoffrey@yale.edu emerson-geoffrey:    emerson@minerva.cis.yale.edu
martin ewing         email_to: martin.ewing@yale.edu ewing-martin:        ewing@minerva.cis.yale.edu
john faragher         email_to: john.faragher@yale.edu faragher-john:       faragher@minerva.cis.yale.edu
elizabeth farrell         email_to: caron.farrell@yale.edu farrell-elizabeth:   farrell@minerva.cis.yale.edu
robert fisher         email_to: robert.fisher@yale.edu fisher-robert:       bigbadb@minerva.cis.yale.edu
robert forbes         email_to: robert.forbes@yale.edu forbes-robert:       garrison@minerva.cis.yale.edu
jane foster         email_to: jane.foster@yale.edu foster-jane:         jfoster@minerva.cis.yale.edu
amy friedman         email_to: amy.friedman@yale.edu friedman-amy:        friedman@minerva.cis.yale.edu
benjamin gordon         email_to: benjamin.gordon@yale.edu gordon-benjamin:     gordon@minerva.cis.yale.edu
ilya gruzberg         email_to: ilya.gruzberg@yale.edu gruzberg-ilya:       gruz@minerva.cis.yale.edu
cyrus hamlin         email_to: hamlin-cyrus@yale.edu hamlin-cyrus:        hamlin@minerva.cis.yale.edu
langdon hammer         email_to: hammer-langdon@yale.edu hammer-langdon:      lhammer@minerva.cis.yale.edu
leo hickey         email_to: leo.hickey@yale.edu hickey-leo:          hleo@minerva.cis.yale.edu
jonathan holloway         email_to: jonathan.holloway@yale.edu holloway-jonathan:   holjons@minerva.cis.yale.edu
blair hoxby         email_to: blair.hoxby@yale.edu hoxby-blair:         hoxby@minerva.cis.yale.edu
stanley insler         email_to: insler-stanley@yale.edu insler-stanley:      sinsler@minerva.cis.yale.edu
jill ippolito         email_to: jill.ippolito@yale.edu ippolito-jill:       jillip@minerva.cis.yale.edu
a jenkins         email_to: marcella.jenkins@yale.edu jenkins-a:           jenkins@minerva.cis.yale.edu
christopher jones         email_to: christopher.e.jones@yale.edu jones-christopher:   joncrie@minerva.cis.yale.edu
aimee kanzler         email_to: aimee.kanzler@yale.edu kanzler-aimee:       ak@minerva.cis.yale.edu
jong kim         email_to: jongcheol.kim@yale.edu kim-jong:            jonger@minerva.cis.yale.edu
jong kim         email_to: jong.kim@yale.edu kim-jong:            jonger@minerva.cis.yale.edu
kee kim         email_to: weon.kim@yale.edu kim-kee:             keebong@minerva.cis.yale.edu
min kim         email_to: minji.kim@yale.edu kim-min:             minjung@minerva.cis.yale.edu
min kim         email_to: m.kim@yale.edu kim-min:             minjung@minerva.cis.yale.edu
paulina kim         email_to: paulina.kim@yale.edu kim-paulina:         kim@minerva.cis.yale.edu
samuel kim         email_to: kim-samuel@yale.edu kim-samuel:          samkim@minerva.cis.yale.edu
soo kim         email_to: chang.soo@yale.edu kim-soo:             sjksjk@minerva.cis.yale.edu
soo kim         email_to: soo.kim@yale.edu kim-soo:             sjksjk@minerva.cis.yale.edu
helen kwon         email_to: kwon-helen@yale.edu kwon-helen:          hel@minerva.cis.yale.edu
janet laible         email_to: janet.laible@yale.edu laible-janet:        laible@minerva.cis.yale.edu
lisa landow         email_to: lisa.landow@yale.edu landow-lisa:         landowl@minerva.cis.yale.edu
uyen le         email_to: uyen.le@yale.edu le-uyen:             uyenle@minerva.cis.yale.edu
brian lee         email_to: brian.d.lee@yale.edu lee-brian:           blee@minerva.cis.yale.edu
brian lee         email_to: brian.k.lee@yale.edu lee-brian:           blee@minerva.cis.yale.edu
brian lee         email_to: brian.lee@yale.edu lee-brian:           blee@minerva.cis.yale.edu
james lee         email_to: james.lee@yale.edu lee-james:           jjlee@minerva.cis.yale.edu
james lee         email_to: james.lee@yale.edu lee-james-a:         leebro@minerva.cis.yale.edu
michael lee         email_to: lee.akst@yale.edu lee-michael:         mlee@minerva.cis.yale.edu
michael lee         email_to: michael.dawson@yale.edu lee-michael:         mlee@minerva.cis.yale.edu
michael lee         email_to: michael.espinoza@yale.edu lee-michael:         mlee@minerva.cis.yale.edu
michael lee         email_to: michael.fitzsimmons@yale.edu lee-michael:         mlee@minerva.cis.yale.edu
michael lee         email_to: michael.klema@yale.edu lee-michael:         mlee@minerva.cis.yale.edu
michael lee         email_to: michael.mcdaniel@yale.edu lee-michael:         mlee@minerva.cis.yale.edu
michael lee         email_to: michael.miller@yale.edu lee-michael:         mlee@minerva.cis.yale.edu
michael lee         email_to: michael.lee-poy@yale.edu lee-michael:         mlee@minerva.cis.yale.edu
michael lee         email_to: sean.lee@yale.edu lee-michael:         mlee@minerva.cis.yale.edu
ming lee         email_to: mingcho.lee@yale.edu lee-ming-keung:      queens@minerva.cis.yale.edu
younglim lee         email_to: younglim.lee@yale.edu lee-younglim:        leey@minerva.cis.yale.edu
kiera levine         email_to: kiera.levine@yale.edu levine-kiera:        levine@minerva.cis.yale.edu
joseph levitzky         email_to: joseph.levitsky@yale.edu levitzky-joseph:     jlevitz@minerva.cis.yale.edu
nicole lewis         email_to: shevaun.lewis@yale.edu lewis-nicole:        nlewis@minerva.cis.yale.edu
maintainer lists         email_to: lists-maintainer@yale.edu lists-maintainer:    lists@minerva.cis.yale.edu
bernard liu         email_to: bernard.liu@yale.edu liu-bernard:         bernie@minerva.cis.yale.edu
harvey lynch         email_to: harvey.lynch@yale.edu lynch-harvey:        lynchh@minerva.cis.yale.edu
lists maintainer         email_to: lists-maintainer@yale.edu maintainer-lists:    lists@minerva.cis.yale.edu
joshua mandell         email_to: joshua.mandell@yale.edu mandell-joshua:      jmandell@minerva.cis.yale.edu
darrin mcmahon         email_to: darrin.mcmahon@yale.edu mcmahon-darrin:      gilesls@minerva.cis.yale.edu
appleby michael         email_to: michael.appleby@yale.edu michael.appleby:     mikea@minerva.cis.yale.edu
nir modiano         email_to: modiano-nir@yale.edu modiano-nir:         modiano@minerva.cis.yale.edu
william moss         email_to: william.moss@yale.edu moss-william:        moswilc@minerva.cis.yale.edu
jeanette murdock         email_to: jeanette.m.murdock@yale.edu murdock-jeanette:    jmurdock@minerva.cis.yale.edu
brian murphy         email_to: brian.murphy@yale.edu murphy-brian-c:      bmurphy@minerva.cis.yale.edu
megan murphy         email_to: megan.c.murphy@yale.edu murphy-megan:        meganm@minerva.cis.yale.edu
megan murphy         email_to: megan.murphy@yale.edu murphy-megan:        meganm@minerva.cis.yale.edu
david muse         email_to: david.muse@yale.edu muse-david:          muse@minerva.cis.yale.edu
jennifer nam         email_to: jennifer.nam@yale.edu nam-jennifer:        jnam@minerva.cis.yale.edu
dan negoianu         email_to: dan.negoianu@yale.edu negoianu-dan:        negodan@minerva.cis.yale.edu
nicole parisier         email_to: nicole.parisier@yale.edu parisier-nicole:     nikip@minerva.cis.yale.edu
charles park         email_to: c.park@yale.edu park-charles:        chanp@minerva.cis.yale.edu
abhijit patel         email_to: patel-abhijit@yale.edu patel-abhijit:       patel@minerva.cis.yale.edu
thomas perriello         email_to: thomas.perriello@yale.edu perriello-thomas:    thomasp@minerva.cis.yale.edu
david phillips         email_to: david.phillips@yale.edu phillips-david:      davidp@minerva.cis.yale.edu
david pollard         email_to: david.pollard@yale.edu pollard-david:       pollard@minerva.cis.yale.edu
gregory raskin         email_to: gregory.raskin@yale.edu raskin-gregory:      raskin@minerva.cis.yale.edu
alexander reid         email_to: alexander.reid@yale.edu reid-alexander:      alexr@minerva.cis.yale.edu
matthew richardson         email_to: richardson-matthew@yale.edu richardson-matthew:  mattr@minerva.cis.yale.edu
lori rotskoff         email_to: lori.rotskoff@yale.edu rotskoff-lori:       rotskof@minerva.cis.yale.edu
david rousseau         email_to: david.rousseau@yale.edu rousseau-david:      roudavm@minerva.cis.yale.edu
michael rowe         email_to: michael.rowe@yale.edu rowe-michael:        rowem@minerva.cis.yale.edu
daniel ryan         email_to: daniel.conrad@yale.edu ryan-daniel:         danryan@minerva.cis.yale.edu
robert schonberger         email_to: robert.schonberger@yale.edu schonberger-robert:  robscho@minerva.cis.yale.edu
william segraves         email_to: segraves-william@yale.edu segraves-william:    segraves@minerva.cis.yale.edu
sebastian shaumyan         email_to: sebastian.shaumyan@yale.edu shaumyan-sebastian:  shaumyan@minerva.cis.yale.edu
sebastian shaumyan         email_to: s.shaumyan@yale.edu shaumyan-sebastian:  shaumyan@minerva.cis.yale.edu
molly simpson         email_to: molly.simpson@yale.edu simpson-molly:       msimpson@minerva.cis.yale.edu
april smith         email_to: april.smith@yale.edu smith-april:         april@minerva.cis.yale.edu
christine smith         email_to: christine.smith@yale.edu smith-christine:     chrissy@minerva.cis.yale.edu
christine smith         email_to: victoria.smith@yale.edu smith-christine:     chrissy@minerva.cis.yale.edu
una smith         email_to: una.smith@yale.edu smith-una:           una@minerva.cis.yale.edu
peter snow         email_to: peter.snow@yale.edu snow-peter:          petsnow@minerva.cis.yale.edu
derek snyder         email_to: derek.snyder@yale.edu snyder-derek:        dsnyder@minerva.cis.yale.edu
adam spiegel         email_to: david.spiegel@yale.edu spiegel-adam:        spiegel@minerva.cis.yale.edu
robert thomas         email_to: robert.dietz@yale.edu thomas-robert:       raynbo@minerva.cis.yale.edu
joseph thompson         email_to: joseph.p.thompson@yale.edu thompson-joseph:     thompson@minerva.cis.yale.edu
alan trachtenberg         email_to: alan.trachtenberg@yale.edu trachtenberg-alan:   traala@minerva.cis.yale.edu
thuan tran         email_to: thuan.tran@yale.edu tran-thuan:          ttran@minerva.cis.yale.edu
erika van         email_to: erika.vannatta@yale.edu van-erika:           erykavb@minerva.cis.yale.edu
peter van         email_to: peter.vanness@yale.edu van-peter:           pvan@minerva.cis.yale.edu
peter van         email_to: peter.vanagtmael@yale.edu van-peter:           pvan@minerva.cis.yale.edu
john walker         email_to: john.mercer.walker@yale.edu walker-john:         walkerj@minerva.cis.yale.edu
john walker         email_to: john.m.walker@yale.edu walker-john:         walkerj@minerva.cis.yale.edu
john walker         email_to: john.mercer.walker@yale.edu walker-john-m:       jwalker@minerva.cis.yale.edu
john walker         email_to: john.m.walker@yale.edu walker-john-m:       jwalker@minerva.cis.yale.edu
emily wan         email_to: emily.ngai@yale.edu wan-emily:           auntiem@minerva.cis.yale.edu
feng wang         email_to: frank.wang@yale.edu wang-feng:           fwang@minerva.cis.yale.edu
feng wang         email_to: xuefeng.wang@yale.edu wang-feng:           fwang@minerva.cis.yale.edu
matthew warren         email_to: matthew.warren@yale.edu warren-matthew:      warren@minerva.cis.yale.edu
emily wilk         email_to: emily.wilk@yale.edu wilk-emily:          wilk@minerva.cis.yale.edu
andrew williams         email_to: andrew.williams@yale.edu williams-andrew:     andreww@minerva.cis.yale.edu
charlotte williams         email_to: charlotte.williams@yale.edu williams-charlotte:  charlot@minerva.cis.yale.edu
mark willis         email_to: mark.willis@yale.edu willis-mark:         mwill@minerva.cis.yale.edu
elizabeth wilson         email_to: caroline.wilson@yale.edu wilson-elizabeth:    wilsone@minerva.cis.yale.edu
elizabeth wilson         email_to: elizabeth.wilson@yale.edu wilson-elizabeth:    wilsone@minerva.cis.yale.edu
elizabeth wilson         email_to: lauren.wilson@yale.edu wilson-elizabeth:    wilsone@minerva.cis.yale.edu
elizabeth wilson         email_to: mollie.wilson@yale.edu wilson-elizabeth:    wilsone@minerva.cis.yale.edu
amy woodard         email_to: amy.woodard@yale.edu woodard-amy:         woodard@minerva.cis.yale.edu
cheng xiang         email_to: cheng.xiang@yale.edu xiang-cheng:         cxiang@minerva.cis.yale.edu
