adrian_palacios:     palacios@cs.yale.edu
alexa_braren:        braren-alexa@cs.yale.edu
alexa_m_braren:      braren-alexa@cs.yale.edu
andrew_d_newman:     newman-andy@cs.yale.edu
andrew_newman:       newman-andy@cs.yale.edu
barak_a_pearlmutter: pearlmutter_barak@cs.yale.edu
barak_pearlmutter:   pearlmutter_barak@cs.yale.edu
barak_perlmutter:    perlmutter-barak@cs.yale.edu
carl_sechen:         sechen-carl@cs.yale.edu
charles_consel:      consel-charles@cs.yale.edu
christopher_c_hatchell: hatchell-chris@cs.yale.edu
christopher_hatchell: hatchell-chris@cs.yale.edu
dana_angluin:        angluin-dana@cs.yale.edu
daniel_e_koditschek: koditschek-dan@cs.yale.edu
daniel_koditschek:   koditschek-dan@cs.yale.edu
edward_keegan:       keegan-edward@cs.yale.edu
f_kenton_musgrave:   musgrave-forest@cs.yale.edu
f_musgrave:          musgrave-forest@cs.yale.edu
henry_lowendorf:     lowendorf-henry@cs.yale.edu
henry_s_lowendorf:   lowendorf-henry@cs.yale.edu
herbert_e_scarf:     scarf-herb@cs.yale.edu
herbert_scarf:       scarf-herb@cs.yale.edu
h_long:              long-morrow@cs.yale.edu
h_morrow_long:       long-morrow@cs.yale.edu
ilse_ipsen:          ipsen-ilse@cs.yale.edu
janet_a_galligan:    galligan-janet@cs.yale.edu
janet_galligan:      galligan-janet@cs.yale.edu
jean-marc_delosme:   delosme@cs.yale.edu
jeffery_westbrook:   westbrook-jeffrey@cs.yale.edu
john_moody:          moody-john@cs.yale.edu
john_peterson:       peterson-john@cs.yale.edu
karin_rabe:          rabe-karin@cs.yale.edu
kay_crowley:         crowley-kay@cs.yale.edu
kenneth_yip:         yip-ken@cs.yale.edu
lenore_zuck:         zuck-lenore@cs.yale.edu
linda_bourne:        bourne-linda@cs.yale.edu
linda_w_bourne:      bourne-linda@cs.yale.edu
marina_chen:         chen-marina@cs.yale.edu
mark_jones:          jones-mark@cs.yale.edu
mark_p_jones:        jones-mark@cs.yale.edu
marshall_b_long:     long-marshall@cs.yale.edu
marshall_long:       long-marshall@cs.yale.edu
martin_ewing:        ewing-martin@cs.yale.edu
martin_h_schultz:    schultz-martin@cs.yale.edu
martin_schultz:      schultz-martin@cs.yale.edu
michael_fischer:     fischer-michael@cs.yale.edu
michael_j_tarr:      tarr-michael@cs.yale.edu
michael_tarr:        tarr-michael@cs.yale.edu
mmgraduate-students: grad-students@cs.yale.edu
mmsenior-faculty:    faculty-senior@cs.yale.edu
nicholas_carriero:   carriero-nicholas@cs.yale.edu
nicholas_j_carriero: carriero-nicholas@cs.yale.edu
paul_hudak:          hudak-paul@cs.yale.edu
psuedo-user:         m_lynne_wootton@cs.yale.edu
richard_beigel:      beigel-richard@cs.yale.edu
robert_dunne:        dunne-bob@cs.yale.edu
robert_l_dunne:      dunne-bob@cs.yale.edu
sandeep_bhatt:       bhatt-sandeep@cs.yale.edu
siddhartha_puri:     puri-sidd@cs.yale.edu
silberschatz-avi:    avi@cs.yale.edu
suzanne_cascella:    cascella-suzanne@cs.yale.edu
thomas_brown:        brown-tom@cs.yale.edu
tom_brown:           brown-tom@cs.yale.edu
vladimir_rokhlin:    rokhlin-vladimir@cs.yale.edu
admin-staff:         staff-cs@cs.yale.edu
cs-faculty:          faculty-cs@cs.yale.edu
cs112:               yry@cs.yale.edu,yale.cs.cs112.YM2NXYZ@news.ycc.yale.edu
cs421:               gcollins@cs.yale.edu,shao-zhong@cs.yale.edu,yale.cs.cs421.YM2NXYZ@news.yale.edu
department-list:     department-cs@cs.yale.edu
graduate-students:   grad-students@cs.yale.edu
masters-1996:        masters1996@cs.yale.edu
masters-1997:        masters1997@cs.yale.edu
masters-1998:        masters1998@cs.yale.edu
masters-1999:        masters1999@cs.yale.edu
masters-students:    students-masters@cs.yale.edu
phd-1991:            phd1991@cs.yale.edu
phd-1992:            phd1992@cs.yale.edu
phd-1993:            phd1993@cs.yale.edu
phd-1994:            phd1994@cs.yale.edu
phd-1995:            phd1995@cs.yale.edu
phd-1996:            phd1996@cs.yale.edu
phd-1997:            phd1997@cs.yale.edu
phd-1998:            phd1998@cs.yale.edu
phd-1999:            phd1999@cs.yale.edu
phd-special:         phdspecial@cs.yale.edu
phd-students:        students-phd@cs.yale.edu
senior-faculty:      faculty-senior@cs.yale.edu
state-workshop:      joyce-linda@bulldog,odersky-martin@cs.yale.edu,hudak-paul@cs.yale.edu
teaching-faculty:    teaching-cs@cs.yale.edu
theory-local-1:      yfrankel@cryptographers.com,joan.feigenbaum@yale.edu,zfs2@pantheon.yale.edu,roma@math.yale.edu,charles.chiou@yale.edu,ryger@cs.yale.edu,jatin.shah@yale.edu,clint.cleetus@yale.edu,boriss.kulman@yale.edu,david.goldenberg@yale.edu,miranker,jlm@lcc.uma.es,vijayr,sheng.zhong@yale.edu,sudarshan.gururaj@yale.edu,charles.yang@yale.edu,eugene@cse.uconn.edu,viswanath.vinod@yale.edu,gauri.shah@yale.edu,rahul.sami@yale.edu,daniel.sharfman@yale.edu,diamadi-zoe,yuyu.chen@yale.edu,ripbc@cunyvm.cuny.edu,peralta-rene,ravim@pascal.math.yale.edu,drineas,ben-shahar,moti@cs.columbia.edu,micah@cs.umass.edu,luca@cs.columbia.edu,zuck,karhan.akcoglu@yale.edu,kcollins@wesleyan.edu,eric.denardo@yale.edu,dkrizanc@wesleyan.edu,christof@ece.wpi.edu,alex@theory.lcs.mit.edu,kao-ming-yang,kannan-ravindran,aspnes-james,howe-roger,hudak-paul,delosme-jean-marc,benaloh-josh,angluin-dana,eisenstat-stan,fischer-michael
yalecert-l:          long-morrow@cs.yale.edu,yalecert@lists.yale.edu
