agha-gul:            agha@cs.uiuc.edu
agrawal-ajit:        aka@cs.brown.edu
ahmed-shakil:        ahmed@ms.com
akman-fusun:         akman@euclid.msri.org
alpert-bradley:      alpert@bldr.nist.gov
anandan-padmanabhan: anandan@sarnoff.com
ancell-harold:       HGA@mc.lcs.mit.edu
anderson-scott:      scott.anderson@east.sun.com
arango-mauricio:     arango@thumper.bellcore.com
arjomand-ata:        arjomanda@net.a1.boeing.com
ashcraft-cleve:      cleve@espresso.boeing.com
bakre-ajay:          bakre@paul.rutgers.edu
beetz-michael:       beetz@uran.informatik.uni-bonn.de
beigel-richard:      beigel@eecs.uic.edu
benaloh-josh:        benaloh@sun.mcs.clarkson.edu
berndt-don:          dberndt@stern.nyu.edu
bernstein-michael:   'xbernste@granite,xbernste
bernstein-mira:      mira@research.att.com
bharadwaj-sudy:      sudy@sca.com
bhatt-sandeep:       bhatt@bellcore.com
birnbaum-lawrence:   birnbaum@ils.nwu.edu
bjornson-robert:     bjornson@sca.com
black-michael:       black@parc.xerox.com
blenko-tom:          blenko@iname.com
bloom-debbie:        dberman@cs.washington.edu
bloss-adrienne:      bloss@vtopus.cs.vt.edu
blossom-jonathan:    blossom@slip.net
bommadevara-nagendrasrinivas: nbommade@us.oracle.com
bouattour-hazem:     bouattou@frint51.bitnet
brand-matthew:       brand@ils.nwu.edu
brayton-james:       jbrayton@mipos2.intel.com
brophy-michella:     'jtsmith@eli
bruno-john:          bruno@cs.ucsb.edu
burger-doug:         dburger@mysost.cs.wisc.edu
burke-robin:         burke@ils.nwu.edu
byrne-david:         davidby@microsoft.com
cagan-leigh:         cagan@sca.com
cai-xiao-chuan:      cai@ms.uky.edu
carew-lab:           'carew@milner
carey-robert:        carey@eniac.seas.upenn.edu
carlin-rebecca:      carlin@sca.com
chan-tony:           chan@icarus.riacs.edu
chandrasekaran-balakrishnan: chandrasekaran@sumex-aim.stanford.edu
chandrasekaran-shivkumar: shiv@ece.ucsb.edu
chang-janice:        janicemc@newton.ncsa.uiuc.edu
chang-silva:         chang-silva@sca.com
chen-dong-yuan:      dychen@gomez.sc.intel.com
chen-kung:           chenk@cs.ntust.edu.tw
cherry-william:      wcherry@math.lsa.umich.edu
choate-pseudo:       staff@choate.edu
clinton-bill:        president@whitehouse.gov
compiler-dino:       weaver@boulder.colorado.edu
consel-charles:      consel@cse.ogi.edu
crystal-pseudo:      crystal,'crystal@sunny
cullingford-richard: rec@nynexst.com
danvy-olivier:       danvy@cis.ksu.edu
davies-barry:        barry.davies@softlogic.com
dean-thomas:         tld@cs.brown.edu
dehn-natalie:        dehn@skinner.cs.uoregon.edu
dekel-elan:          elan@bigfoot.com
delosme-jean-marc:   delosme@lami.univ-evry.fr
deutsch-peter:       deutsch@parcvax.xerox.com
dodds-zachary:       dodds@cs.hmc.edu
domeshek-eric:       domeshek@ils.nwu.edu
douglis-fred:        douglis@research.att.com
duchier-denys:       Denys.Duchier@dfki.uni-sb.de
dyer-michael:        dyer@cs.ucla.edu
edelson-daniel:      edelson@ils.nwu.edu
efrat-ilan:          efrat@israearn.bitnet
ellis-john:          ellis@decwrl.dec.com
elman-howard:        elman@mimsy.umd.edu
elvey-matthew:       matthew@elvey.com
engelmore-bob:       engelmore@sumex-aim.stanford.edu
factor-michael:      factor@haifasc3.vnet.ibm.com
fahlman-scott:       falhman@cs.cmu.edu
feeney-jim:          feeneyj@gdlvm6.vnet.ibm.com
feldman-jerry:       feldman@sumex-aim.stanford.edu
ferguson-william:    ferguson@ils.nwu.edu
firby-james:         firby@cs.uchicago.edu
foulser-david:       foulser@sgi.com
fowler-rob:          fowler@cs.rochester.edu
freed-michael:       freed@ils.nwu.edu
freeman-andrew:      andrew@rs.com
ftp-pseudo:          'ftp@bulldog
fujii-john:          fujii@fc.hp.com
furst-merrick:       furst@cs.cmu.edu
gabber-eran:         eran@math.tau.ac.il,eran@taurus.bitnet
galvin-peter:        pbg@ici.net
gardner-betsy:       gardner@fair1.bitnet
gelernter-david:     dgelernter@scopeware.com,dhg
gelsey-andrew:       gelsey@cs.rutgers.edu
gerasoulis-apostolos: gerasoulis@cs.rutgers.edu
glasser-daniel:      microsoft!dannygl@beaver.cs.washington.edu
goetter-benjamin:    beng@microsoft.com
goldberg-benjamin:   goldberg@nyu.edu
goldsmith-meredith:  mgold@leland.stanford.edu
gore-al:             VICE.PRESIDENT@WHITEHOUSE.GOV
granger-richard:     granger@ics.uci.edu
green-cordell:       green@score.stanford.edu
greenberg-david:     dsgreen@cs.sandia.gov
greengard-leslie:    greengard@cims.nyu.edu
griest-tom:          TGriest@OrangeCT.Org
gropp-bill:          gropp@mcs.anl.gov
gross-laura:         grossl@rpi.edu
gu-chong:            gu@stat.stat.wisc.edu
gu-ming:             mgu@math.ucla.edu
guzman-maria:        emsca!intevep!ifpt337@Sun.COM
hammond-kris:        kris@gargoyle.uchicago.edu
hanks-steven:        hanks@cs.washington.edu
harrison-nic:        n.harrison@daresbury.ac.uk,nm_harrison@pnlg.pnl.gov
haveraaen-magne:     magne@eik.ii.uib.no
hedrick-chuck:       hedrick@cs.rutgers.edu
henry-dana: dana@lcs.mit.edu
henshaw-carl:        carl@icase.edu
herbison-bj:         bj@herbison.com
hill-nicola:         'nahill@alexander
hillman-matthew:     matth@microsoft.com
hiranandani-seema:   seema@rice.edu
ho-ching-tien:       ho@almaden.ibm.com
ho-ki-wing:          ki_wing_ho@vtech.com.hk
hovy-eduard:         HOVY@vaxa.isi.edu
hu-yu:               hu@atropos.harvard.edu
hudak-cristina:      socergirl@hotmail.com
hughes-lucian:       hughes@ils.nwu.edu
hunter-larry:        hunter@mcs.nlm.nih.gov
immerman-neil:       immerman@cs.umass.edu
ipsen-ilse:          ipsen@math.ncsu.edu
jagannathan-suresh:  suresh@research.nj.nec.com
jellinghaus-robert:  robertj@autodesk.com
jessup-elizabeth:    jessup@cs.colorado.edu
johnsson-lennart:    johnsson@think.com
jona-menachem:       jona@ils.nwu.edu
jones-eric:          jones@ils.nwu.edu
joseph-joshy:        jjoseph@us.oracle.com
kaminsky-david:      dlkaminsky@yahoo.com
kapur-sharad:        kapur@research.bell-labs.com
karp-brad:           karp@das.harvard.edu
kasha-dan:           kasha@twolf.ee.washington.edu
kass-alex:           kass@ils.nwu.edu
katz-jeff:           jkatz@abb.com
kauffman-jon:        jonkauf@microsoft.com
kaufman-david:       qux@goldilocks.lcs.mit.edu
kaufman-elizabeth:   kaufman@near.net
kelsey-richard:      kelsey@research.nj.nec.com
khamkoon-tom:        tom.khamkoon@alumni.stanford.org
khesin-maria:        masha@cs.toronto.edu
khoo-siau-cheng:     khoosc@iscs.nus.sg
king-adam:           king@maui.cs.ucla.edu
kolodner-janet:      jlk@pravda.gatech.edu
kranz-david:         kranz@ai.mit.edu
kresch-andrew:       kresch@math.uchicago.edu
krulwich-bruce:      brucek@agentsoft.com
kuno-harumi:         kuno@caen.engin.umich.edu
kuo-albert:          albert@auto.altera.com
kuras-patrick:       patrick@apple.com
kuszmaul-bradley: bradley@mit.edu
ladner-richard:      ladner@cs.washington.edu
laffont-thomas:      tlaffont@caa.com
laird-philip:        laird@pluto.arc.nasa.gov
lam-jimmy:           lam@alux6.att.com
lampert-robin:       lampert@csmil.umich.edu
landau-susan:        landau@cs.umass.edu
lazowska-edward:     lazowska@cs.washington.edu
league-christopher:  'league@kahlua
leake-david:         leake@cogsci.indiana.edu
lebowitz-michael:    lebowitz@morgan.com
ledbetter-lamar:     lamar@huxley.bitstream.com
lederman-lisa:       lll@wind.bellcore.com
lee-seng-poh:        splee@cat.syr.edu
leichter-jerry:      leichter@lrw.com
leslie-carol:        cleslie@lawmail.law.columbia.edu
letovsky-stan:       letovsky@gdb.org
levine-john:         johnl@iecc.cambridge.ma.us
li-jingke:           li@cs.pdx.edu
li-kai:              li@princeton.edu
lingelbach-albert:   albert.lingelbach@speedpay.com
lisper-bjorn:        bjornl@tds.kth.se
littman-david:       dlittman@gmuvax.bitnet
littman-michael:     mlittman@breeze.bellcore.com
localusergroup-sun:  'slug@sparky
lumelsky-vladimir:   lumelsky@engr.wisc.edu
lynch-nancy:         lynch@theory.lcs.mit.edu
maghbouleh-arman:    arman@apple.com
majumdar-aloke:      aloke@3dub.com
makdisi-kamal:       makdisi@math.harvard.edu
mandell-michael:     mandell@zaphod.uchicago.edu
martin-charles:      martin@cs.uchicago.edu
mattson-timothy:     tgm@ssd.intel.com
mazer-james:         mazer@bek-owl.caltech.edu
mcmahon-janice:      janice@sca.com
metcalf-christopher: metcalf@lcs.mit.edu
miller-erik:         emiller@nomos.com
minsky-marvin:       minsky%mit-oz@mc.lcs.mit.edu
mirani-rajiv:        mirani@cup.hp.com,mirani
miranker-willard:    will@miranker.com,miranker
mishkin-nathaniel:   mishkin@atria.com
mjolsness-eric:      emj@cs.ucsd.edu
moody-john:          moody@cse.ogi.edu
mooney-vincent:      mooney@leland.stanford.edu
moore-john:          jwm@neuro.duke.edu
moran-william:       wlm@panix.com
moroze-ben:          bmoroze@world.std.com
mou-george:          mou@cs.brandeis.edu
mukhopadyay-snehasis: smukhopa@iupucs.iupui.edu
munbodh-reshma:      reshma,'reshma@granite
musgrave-forest:     musgrave@siggraph.org
naiman-jeffrey:      naiman@cuhhca.hhmi.columbia.edu
newell-allen:        newell@cs.cmu.edu
nicosia-john:        jnicosia@boston.vnet.ibm.com
ockerbloom-john:     spok@cs.cmu.edu
omtzigt-theo:        tomtzigt@pcocd2.intel.com
oppenheimer-paul:    peo@think.com
ortiz-luis:          lfo@brooktrout.com
osgood-richard:      osgood @ils.nwu.edu
owens-christopher:   cowens@bbn.com
parikh-rohit:        ripbc@cunyvm.cuny.edu
patel-dorab:         dorab@cs.ucla.edu
paterson-michael:    msp@dcs.warwick.ac.uk
payne-christopher:   payne@eecs.nwu.edu
pearlmutter-barak:   bap@cse.ogi.edu
peierls-timothy:     peierls@svax.cs.cornell.edu
petiton-serge:       petiton@etca.fr
pinter-ron:          pinter@haifasc3.vnet.ibm.com
pinto-jeannine:      jmp8p@virginia.edu
pitman-kent:         KMP@mc.lcs.mit.edu
pittenger-laurence:  44pittenger@cua.edu
prasad-guru:         prasad@cs.odu.edu
pryor-louise:        pryor@ils.nwu.edu
puri-sidd:           sidd+@f.gp.cs.cmu.edu
purves-william:      purves@hmcvax.bitnet
ram-ashwin:          ashwin@pravda.gatech.edu
ranade-abhiram:      ranade@ernie.berkeley.edu
rauch-erik:          rauch@mit.edu
raz-amir:            RazAmir@Wisdom.Weizmann.ac.il,razamir@math.tau.ac.il
recski-andras:       recski@vma.bme.hu
reddy-raj:           reddy@cs.cmu.edu
rees-jonathan:       jar@zurich.ai.mit.edu
reese-steven:        reese@chem.washington.edu
reingold-nicholas:   reingold@research.att.com
reinitz-john:        reinitz@kruppel.molbio.mssm.edu
reiser-brian:        reiser@a.psy.cmu.edu
riesbeck-chris:      riesbeck@eecs.nwu.edu
saad-youcef:         saad%uicsrd@a.cs.uiuc.edu
saied-faisal:        saied@cs.uiuc.edu
saltz-joel:          saltz@cs.umd.edu
sanders-malcolm:     mms@aretha.jax.org
sca-chang:           'scachang@zeke
sca-daya:            daya@sca.com
sca-linda:           'scalinda@zeke
sca-philbin:         philbin-dennis@sca.com
schank-roger:        schank@ils.nwu.edu
sechen-carl:         sechen@twolf.ee.washington.edu
segall-ed:           segall@caip.rutgers.edu
sekora-jay:          js@bu.edu
shamos-michael:      shamos@cs.cmu.edu
shaw-adam:           shaw@contrapunctus.net
sheard-tim:          sheard@cse.ogi.edu
sherman-andy:        sherman@sca.com
shivers-olin:        olin.shivers@cs.cmu.edu
shoham-yoav:         shoham@score.stanford.edu
shu-wennie-wei:      shu@cs.buffalo.edu
siekmeier-peter:     'siekmeie@milner
simon-herbert:       has@cs.cmu.edu
sipelstein-jay:      Jay.Sipelstein@f.gp.cs.cmu.edu
slonim-donna:        slonim@theory.lcs.mit.edu
slowik-christopher:  slowik@esb.com
smith-josh:          jrs@cs.williams.edu
smith-lauren:        lls@mimsy.umd.edu
soloway-elliot:      soloway@csmil.umich.edu
spielman-dan:        spielman@math.mit.edu
srikant-muralidharan: shakti!srikant@uunet.uu.net
steele-guy:          steele@cs.cmu.edu
stein-lynn:          las@ai.mit.edu
steven-david:        steven@pop.psu.edu
stevens-denise:      'denise@milner
tam-hong:            htam@shuffle.eng.sun.com
tarca:               ftarca@rhqvm21.vnet.ibm.com
taubenfeld-gadi:     gadi@research.att.com
teodosio-julie:      jule,'jule@eli
thalberg-beverly:    thalberg@sca.com
tmc:                 csg@think.com
tomabechi-hideto:    tomabechi@nl.cs.cmu.edu
tompa-martin:        tompa@cs.washington.edu
tucker-lisa:         tucker@theory.lcs.mit.edu
univ-michigan:       billdo@ifs.umich.edu,bhoward@ifs.umich.edu
utans-joachim:       utans@cse.ogi.edu
vanleunen-mc:        mcvl@decwrl.dec.com
varma-pradeep:       focus03@ibm.net
waddell-scott:       waddell@chaos.csap.af.mil
wahba-grace:         wahba@stat.wisc.edu
wald-david:          wald@theory.lcs.mit.edu
walden-byron:        walden@hydra.maths.unsw.edu.au
walker-don:          walker@crvax.sri.com
walters-gary:        WALT551022@acad.newhaven.edu
wang-da-wei:         wdw@iis.sinica.edu.tw
watt-alan:           alan.watt@medaphis.com
weed-matthew:        maw42@pantheon
weinreb-daniel:      DLW%Scrc-Tenex@mc.lcs.mit.edu
wilensky-bob:        wilensky@ucbvax.berkeley.edu
wilhelm-bill:        wilhelm@gdls4.vnet.ibm.com
windemuth-andreas:   windemut@lisboa.ks.uiuc.edu
winston-pat:         phw%mit-oz@mc.lcs.mit.edu
wittenberg-david:    wittenberg@ultra.enet.dec.com
wong-yi-wan:         ywong@csc.ti.com
wright-rebecca:      rwright@research.att.com
wu-warren:           warren@stmhp2.tm.uiuc.edu
yang-cheng:          oasis@mit.edu
yang-joel:           jyang@ernie.berkeley.edu
ycps:                'ycps@alexander
yip-ken:             yip@martigny.ai.mit.edu
young-jonathan:      young@jj.lcs.mit.edu
zacks-jeff:          zacks@bellcore.com
zittrain-jonathan:   zittrain@law.harvard.edu
zornig-john:         zornig@syrinx.enet.dec.com
asea-brown-boveri:   jkatz@abb.com
daemon:              'daemon@eli
ddc:                 'ddc@pascal
hcompile:            'hcompile@nebula
pepm:                'pepm@nebula
podc97:              'podc97@nebula
rutgers:             segall@caip.rutgers.edu
tour:                tour@indigo
user_gone:           |/usr/local/lib/mailers/user_gone@eli
yccacct:             'yccacct@ra
bns:                 nbommade@us.oracle.com
clambugs:            clambugs@sca.com
computer-music:      makucevich@delphi.com,yang-ming,walvick,volkert,uman,turetsky,sklar,rauch,kerpelman,chaudhary,apfel,hudak
cs-admin:            weber@lanai.cs.ucla.edu,sweet@hera.berkeley.edu,albert@cs.stanford.edu,vicky@cc.gatech.edu,rhoads@cs.utexas.edu,ctp@cs.utexas.edu,kha@cs.brown.edu,chris@june.cs.washington.edu,canaday@a.cs.uiuc.edu,as@h.gp.cs.cmu.edu,dunne-bob
ddgrp:               psuvax1!eds1!jdm1,rdavis@mjollnir.oracle.com,xc60039@portland.bitnet,wside@maccs.mcmaster.ca,t36273c@saha.hut.fi,negron@topaz.rutgers.edu,larrysw@portland.bitnet,djenner@sun.com,chjan@topaz.rutgers.edu,brett@boulder.colorado.edu,bhua_cif@uhura.cc.rochester.edu,gln@arizona.edu
empire:              fshipman@bcm.tmc.edu,fshipman@watson.bcm.tmc.edu,fshipman@wilkins.bcm.tmc.edu,griffith@scam.berkeley.edu,crys@ucsd.edu,cc1@cs.ucla.edu,esj@ufl.edu,zittrain-jonathan,naiman-jeffrey,sdiamond@venera.isi.edu,tarpan@csd4.milw.wisc.edu,dillon@hermes.berkeley.edu,fshipman@carrel.bcm.tmc.edu,eric@ux.acss.umn.edu,bmoconno@phoenix.princeton.edu,jeffw%con.berkeley.edu@ucbvax.berkeley.edu,rlewis@venera.isi.edu,brett@boulder.colorado.edu,jcl@sabre.bellcore.com,vnend@phoenix.princeton.edu,zimerman@phoenix.princeton.edu,b88j@vax5.cit.cornell.edu,mwo@beach.cis.ufl.edu,kramer%tramp@boulder.colorado.edu,roberson@blake.acs.washington.edu,ewa%sdacs@ucsd.edu,tedrick@ernie.berkeley.edu,fabbott@athena.mit.edu
ffi:                 reig@dcs.gla.ac.uk,jlewis@cse.ogi.edu,dlb@intermetrics.com,derek@obvious.co.uk,hook@cse.ogi.edu,nordin@cse.ogi.edu,malcolm-ffi@cs.york.ac.uk,conal@microsoft.com,colin@minster.york.ac.uk,sof@dcs.gla.ac.uk,simonpj@dcs.gla.ac.uk,leijen@wins.uva.nl,erik@cs.ruu.nl,trifonov,shao-zhong,reid-alastair,hudak-paul,peterson-john
fran-bugs:           conal@microsoft.com,peterson-john
haskell-global:      haskell@haskell.org
hugs-authors:        mpj@cse.ogi.edu,v-julsew@microsoft.com,hudak-paul,reid-alastair,peterson-john
hugs-bugs:           hugs-bugs@haskell.org
hugs-bugs-request:   majordomo@haskell.org
hugs-users:          hugs-users@haskell.org
hugs-users-request:  majordomo@haskell.org
leichter-lrw-forward: leichter%lrw.com@uu.psi.com
lifestreams:         tomcarulli@aol.com,TM@worldnet.att.net,fertig-scott@bulldog,scott@creative-change.com,carriero-nicholas@bulldog,gelernter-david@bulldog,strplan@aol.com,freeman-eric
listserver:          listserver-pipe@nebula
macaroni:            jar@zurich.ai.mit.edu,pitman-kent,shivers-olin,mohr-eric,hudak-paul,kelsey-richard,kranz-david
majordomo:           majordomo-eli@eli
majordomo-owner:     majordomo-owner-eli@eli
ntuee83-a-g:         cheng@ralvm6.vnet.ibm.com,chenkc@ee.nthu.edu.tw,ctliu@alux2.att.com,bwang@vitalink.com,cswu@irving.usc.edu,clarify!charlie@uu.psi.com,cschang@watson.ibm.com,damon@dolly.lia.com,chiueh%leibniz.ee.ntu.edu.tw@cunyvm.cuny.edu,ccc%ee.nthu.edu.tw@cunyvm.cuny.edu,cjchen@eng.umd.edu,fschu@probe.att.com,gee@symlab.com,chou@lanai.cs.ucla.edu,chaoju@caen.engin.umich.edu,ccchao%twnctu01.bitnet@cunyvm.cuny.edu,ab@cadence.com,deron@tove.umd.edu,cjou@sbcs.sunysb.edu,chuang@pollux.usc.edu,chu@zabriskie.berkeley.edu,cflin@tesla.ee.cornell.edu,cchen@sbcs.sunysb.edu
ntuee83-h-l:         hsu@dfe.enet.dec.com,hsu@twnntit.bitnet,iu@atvl.panasonic.com,jjlin@eecs.umich.edu,hwu@orion.crhc.uiuc.edu,linins@amadeus.ucsb.edu,kchen@fai.com,kyoung%twnctu01.bitnet@cunyvm.cuny.edu,liucc@eng.umd.edu,kjrliu@eng.umd.edu,lan@isl.stanford.edu,Juen-Kai_Wang.POST_OFFICE%lucifer@harvard.harvard.edu,lai@symlab.com,jflee%vision@hub.ucsb.edu,lu@lanai.cs.ucla.edu,lin@pender.ee.upenn.edu,luh@athens.ece.arizona.edu,ljl@a.gp.cs.cmu.edu,lian@ctr.columbia.edu,laykt@eecs.nwu.edu,ko@mimsy.umd.edu,ifwu@epsl.umd.edu,horng@tiger.princeton.edu
ntuee83-u-z:         ztsai%leibniz.ee.ntu.edu.tw@cunyvm.cuny.edu,yuss@wafer.src.umd.edu,yslin@pollux.usc.edu,yhsu@tps.enet.dec.com,yeejang@hpinddf.hp.com,ydm318%pdd.iii.org.tw@cunyvm.cuny.edu,yctang@ixhawk.att.com,yang-allan,xilinx!deneb!tsunglu@uunet.uu.net,wujwo@sbcs.sunysb.edu,wlchen@janus.berkeley.edu,wangli%cc.ee.ntu.edu.tw@forsythe.stanford.edu,wang@ucrmath.ucr.edu
operators:           'operator@alabama
owner-zen-of-lifestreams: freeman-eric@bulldog
par-fort-bugs:       epfbeta-request@encore.encore.COM,gropp
parallel-moderators: paramod@epcc.ed.ac.uk
pcrdist:             pcrdist-list@pyzzo.com
pcrdist-request:     pcrdist-list@pyzzo.com
popl90:              luca@src.enet.dec.com,ravi@research.att.com,misra@cs.utexas.edu,hudak,horwitz@cs.wisc.edu,ferrant@ibm.com,matthias@rice.edu,debray@arizona.edu,appel@princeton.edu,sa@central.cis.upenn.edu
proto:               dlb@hudson.wash.inmet.com,cheatham@harvard.harvard.edu,mike@soi.com,judy@soi.com,carlson@inmet.inmet.com,balzer@vaxa.isi.edu,hudak
pts:                 sequent!pts@uunet.uu.net,gropp-bill
rashmi:              deshpande-ashish,Rashmi_Deshpande_at_~PRIWFB03@ccmail.bms.com
raypankha:           prak0001@tc.umn.edu,khudanpur@jhu.edu,ukini@uswest.com,E10191@ga25epd.mot.com,raghavan@triada.com,devashish@inf.com,dkv@stpb.soft.net,n-sukumar@nwu.edu,prabhu@cs.umass.edu,deshpande-ashish
rfc-notices:         rpa.rfc-notices-news@newsbase,carey-robert
sca:                 general-delivery@sca.com
sca-ape:             ccd@duke.cs.duke.edu,angevine-mark,eisenstat-stan,schultz-martin,thalberg-beverly
sco:                 arpa.sco-list-news@rt4-gw
sipl:                torbenm@diku.dk,rdt@dcs.ed.ac.uk,iam@sail.stanford.edu,wadler@dcs.gla.ac.uk,matthias@cs.rice.edu,reddy@cs.uiuc.edu,odersky,hudak
smalltalk:           mroberts@xerox.com,krasner@xerox.com,chen-marina,deutsch-peter,fischer-michael,mayer-christopher,mishkin-nathaniel
t-bugs:              gyro-bugs@zeta-soft.com,mohr-eric,kelsey-richard,kris@anubis.uchicago.edu,t-bugs-ucla@cs.ucla.edu,kranz-david
t-software-exchange: broome@brl.mil,ho@aerospace.aero.org,t-software-exchange-local@mc.lcs.mit.edu,t-sw-exchange@cs.ucla.edu,shivers-olin
tap-comments:        spertus@mills.edu
tap-submissions:     spertus@mills.edu
types-wg:            odersky-martin,sankar@cs.stanford.edu,cpl-mlists-types@src.honeywell.com,luca@src.enet.dec.com,gunter@central.cis.upenn.edu,val@saul.cis.upenn.edu,harper@CS.CMU.EDU,scherlis@vax.darpa.mil,wand@corwin.ccs.northeastern.edu,petel@THEORY.CS.CMU.EDU,mike@soi.com,jcm@cs.stanford.edu,jack@cs.umass.edu,hudak,harrison@harrison.cs.nyu.edu,goldberg@kestrel.edu,gifford@LCS.MIT.EDU,dbm@research.att.com
works:               arpa.works-news@newsbase
